model,source,source_sha256,args,args_sha256,T_fact,D_fact,L_fact,M_fact,ffn_fact,readout_fact,dense_params_static_fact,block_params_static_fact,flops_per_sample_estimate,flops_basis,historical_run_binding,source_count_method_line,result_status,train_dates_current,test_date_current
v1,src/models/rankmixer/cvr_bn_rankmixer_v1.py,9cf0a7c508d7cf9be9c78b9cac1c6540a4539559b36e828e07e73ae09cefc6ee,,,16,768,2,3072,GELU per-token x1,mean+linear,167293157,151127040,335944329,prior_document_static_estimate,unverified,,result_present,,
v1_lrfix,src/models/rankmixer/cvr_bn_rankmixer_v1_lrfix.py,57a2ad6f1b7d47ed3c3ae94b85a7aa2a309bad59cc08165ec749555a33c917c9,,,16,768,2,3072,GELU per-token x1,mean+linear,167293157,151127040,335944329,prior_document_static_estimate,unverified,,no_distinct_result,,
v2,src/models/rankmixer/cvr_bn_rankmixer_v2.py,15d4a0af5809dc82a2b738cb6664df2282369b3555dcf3ed3dc2169698344bde,bash/set-rankmixer-v2-args.txt,745de4cbba9b3ee2c364bb7a64bbba5e5ba2e3371e1a7dd8550bc64b42e5fbb8,16,768,2,1536,GELU per-token x1,gated pool+bucket cross,95809126,75577344,192547107,prior_document_static_estimate,unverified,,result_present,2026-07-01:2026-07-01,2026-07-02:2026-07-02
v3,src/models/rankmixer/cvr_bn_rankmixer_v3.py,9a37ecddfdc1f4fd30955313e1920e6dfcd80e981c83949180b28ce5636b5e8c,bash/set-rankmixer-v3-args.txt,83b3a430333d32c3ec1c6bf6a425deaf3337c002ae030d0605f42b6ac62c2ddb,16,768,2,1536,GELU per-token x1,gated pool+bucket cross,95809126,75577344,192547107,prior_document_static_estimate,unverified,,result_present,2026-07-01:2026-07-01,2026-07-02:2026-07-02
v4,src/models/rankmixer/cvr_bn_rankmixer_v4.py,c0a9d45e756e28618dc373edd3bec3acf6d4c8d8e6f205e3c4762b060b4bcc2b,bash/set-rankmixer-v4-args.txt,77730f320f092b63ab34764fc4759b6c0f0438fb24583055e1ede43cc89157c8,16,768,2,1536,GELU per-token x1,v3+QI cross,96439272,75577344,193818155,prior_document_static_estimate,unverified,,result_present,2026-07-01:2026-07-01,2026-07-02:2026-07-02
v5,src/models/rankmixer/cvr_bn_rankmixer_v5.py,56165cc36b2388be843c7ddb0237e971c9dfdda0dfd502cc060ce05761bf583f,bash/set-rankmixer-v5-args.txt,69a2c2c1c9b43e12ac7cae35e1e6a12914139ef722646d736846f4abb60df985,32,1024,2,704,SwiGLU per-token x2,global pool+gated flat+deep head,348432486,277266432,705277790,prior_document_static_estimate,unverified,,result_present,2026-07-01:2026-07-01,2026-07-02:2026-07-02
v6,src/models/rankmixer/cvr_bn_rankmixer_v6.py,00096ccaf48b15dd486ca45c98fca43c3360f0ee05a517223c1dbb63da9ef4ad,bash/set-rankmixer-v6-args.txt,0cb968803b51de427de23a2a55a16ec9576e33099860e9409db18e14d0e682e4,32,512,2,704,SwiGLU per-token x2,global pool+gated flat+deep head,177217126,138723328,358638942,prior_document_static_estimate,unverified,,result_present,2026-07-01:2026-07-01,2026-07-02:2026-07-02
v7,src/models/rankmixer/cvr_bn_rankmixer_v7.py,cf77394ce904fa7f4eaa4b7380bfc13acb8062ca2a8ca0c54d1bf32d082d8e3e,bash/set-rankmixer-v7-args.txt,1892f55c9532d50234479d9305378b48f349558312c5fdc8ee2dce9c37ce4469,16,768,2,1536,GELU per-token x1,v3+deep head,102113126,75577344,205185571,prior_document_static_estimate,unverified,,result_present,2026-07-01:2026-07-01,2026-07-02:2026-07-02
v6_e2,src/models/rankmixer/cvr_bn_rankmixer_v6_e2.py,1a25244423285c5ff7f48fd235fd60a2ea89748cbcd99c7441b6d1178cb4e2d7,bash/set-rankmixer-v6-e2-args.txt,c40a554d3cf7059a5ca4e70644c7e1a244e227bc7a21f42f1fa20aa43d950533,32,512,2,704,SwiGLU per-token x2,pure_flat,199367013,138723328,398962687,recomputed_static_arithmetic_estimate,unverified,739,result_present,2026-08-14:2026-08-14,2026-08-15:2026-08-15
v6_e2_small,src/models/rankmixer/cvr_bn_rankmixer_v6_e2_small.py,0a76ddc1e9f847b57ce16e2fea251d270dae6169526382f4449e202c2d7b651d,bash/set-rankmixer-v6-e2-small-args.txt,a70c5673e08e442c3ef5befba7a145e1eb80a5abc5264affdece75e30e69b9c7,32,256,2,704,SwiGLU per-token x2,pure_flat,102356069,69451776,204818431,recomputed_static_arithmetic_estimate,unverified,751,result_present,2026-08-14:2026-08-14,2026-08-15:2026-08-15
v6_e2_small_1,src/models/rankmixer/cvr_bn_rankmixer_v6_e2_small_1.py,49f88bb6e27483adcd81f6af0dfea30560f449c59c404d61af18529f320f3134,bash/set-rankmixer-v6-e2-small-1-args.txt,3a782b60200b0e95d41cb941bb040a3513746047e8390ea660ea03e7ee386196,32,256,2,704,SwiGLU per-token x2,mean_pool,80938853,69451776,162012543,recomputed_static_arithmetic_estimate,unverified,761,result_present,2026-08-14:2026-08-14,2026-08-15:2026-08-15
v6_e2_small_2,src/models/rankmixer/cvr_bn_rankmixer_v6_e2_small_2.py,505289977fab1ffbd9c91d0cc052e1bf708ee636d3bac7462ef80ea75188e48c,bash/set-rankmixer-v6-e2-small-2-args.txt,93964542c39d1abc8ed1936ea4cd814e7431735b7467d2f38d5e14f2af227904,32,256,3,704,SwiGLU per-token x2,mean_pool,115664741,104177664,231435775,recomputed_static_arithmetic_estimate,unverified,762,result_present,2026-08-14:2026-08-14,2026-08-15:2026-08-15
v6_e2_small_3,src/models/rankmixer/cvr_bn_rankmixer_v6_e2_small_3.py,0998d8e70a32a5ab63e7a8bf1ae6cffc33cabe60b3b20be800200c55ddd95d78,bash/set-rankmixer-v6-e2-small-3-args.txt,1d421c28b4ff5d544b19d254b00466c206706ca3c7a76b2255788f8720b9e8a2,32,256,3,704,SwiGLU per-token x2,pure_flat,137081957,104177664,274241663,recomputed_static_arithmetic_estimate,unverified,751,result_present,2026-08-15:2026-08-15,2026-08-16:2026-08-16
v6_e3,src/models/rankmixer/cvr_bn_rankmixer_v6_e3.py,ad64ec792f74416863d9b6c5cb87b326fd5ac04a9c8bb3d6850b43735958664d,bash/set-rankmixer-v6-e3-args.txt,899ca4690fcf1dee81025a0f1c0768be07a70c52ed90fc4446a56a711b149f56,32,512,2,704,SwiGLU per-token x2,pure_flat,199275877,138661888,399355903,prior_document_static_estimate,unverified,741,result_present,2026-08-15:2026-08-15,2026-08-16:2026-08-16
v6_e4,src/models/rankmixer/cvr_bn_rankmixer_v6_e4.py,aa368b90665834d3c39e4d1413f786126a64ce5613f5df125eff4a015fc5f322,bash/set-rankmixer-v6-e4-args.txt,7a0b8ce9baa38b9921be0b3154f0d036c595ea3a29d25a99c46eb27053e0a5c1,32,256,2,704,SwiGLU per-token x2,mean_pool_creative,80739301,69451776,,not_audited,unverified,779,result_present,2026-08-14:2026-08-14,2026-08-15:2026-08-15
v8,src/models/rankmixer/cvr_bn_rankmixer_v8.py,a3c729276522beff54635dcda13811881c601479be9b9d9003c024f561b7b94d,bash/set-rankmixer-v8-args.txt,554ad40f8ecb2db79f8b4c205a9fbafcd295717a1060b21cd1073981ff5fc09a,32,512,2,512,SwiGLU per-token x2,enhanced,192242606,100925440,388878806,prior_document_static_estimate,unverified,795,result_present,2026-07-01:2026-07-01,2026-07-02:2026-07-02
v9,src/models/rankmixer/cvr_bn_rankmixer_v9.py,631e35947481a2e129f0730e09bceaa03ab7ecb26334cb252cb33fc9d4adf044,bash/set-rankmixer-v9-args.txt,7abcbd047dbbbfa085f87380e28fea36a2d6b4154728e015e177084fdd4ec8ee,32,512,2,512,SwiGLU per-token x2,enhanced,199445658,100925440,403287434,prior_document_static_estimate,unverified,775,result_present,2026-07-01:2026-07-01,2026-07-02:2026-07-02
v10,src/models/rankmixer/cvr_bn_rankmixer_v10.py,2a8d9dbffee30aae9942a8ec079a73c9b63476ccf1ec2b1726138e12580da81f,bash/set-rankmixer-v10-args.txt,718ef2112eb8224b0dca3ccb0b0cb01f2ad07ceaf97776dbd0478b71b7c17ef3,32,512,2,704,SwiGLU per-token x2,pure_flat,199275877,138661888,399355903,prior_document_static_estimate,unverified,739,no_result_found,2026-08-15:2026-08-15,2026-08-16:2026-08-16
mature_v1,src/models/rankmixer/cvr_senet_mature_rankmixer_v1.py,aab7e6464e8004ef387daec4d075478c6f2c4d284e130b542433a72c28d9aaf2,bash/set-rankmixer-mature-3bucket-d256-args.txt,53244f03c1b61dfb570cfe81e3977e96a70ab4c9f3aa922b75c17b10ce41354c,32,256,3,896,SwiGLU per-token x1,mean+creative+compact head,109976671,66261888,220714000,prior_document_static_estimate,unverified,520,result_present,2026-07-01:2026-07-01,2026-07-02:2026-07-02
mature_v2,src/models/rankmixer/cvr_senet_mature_rankmixer_v2.py,5a7eb227f544200fa55986929c18df7d58d3e99e65fc8573f894307dd61f2cfd,bash/set-rankmixer-mature-v2-args.txt,b53cfb387691cb1762d77f2b77216736551ef12166cf85c847c4d895835d4aa0,32,384,3,1344,SwiGLU per-token x1,mean+creative+compact head,205157727,148938048,,not_audited,unverified,520,no_result_found,2026-07-01:2026-07-01,2026-07-02:2026-07-02
mature_v3,src/models/rankmixer/cvr_senet_mature_rankmixer_v3.py,54da1d070f632be9ba75df13b3e7595e2d7c59b2eef9af813e24f489ff87eb2f,bash/set-rankmixer-mature-v3-args.txt,f5f23ad51ceb54e98cb93757bf941206e818c83c6f837cbdb67e13952499f395,32,384,2,1344,SwiGLU per-token x1,mean+creative+compact head,155511711,99292032,,not_audited,unverified,520,no_result_found,2026-07-01:2026-07-01,2026-07-02:2026-07-02
mature_v4,src/models/rankmixer/cvr_senet_mature_rankmixer_v4.py,0071075a0e413125ee77d0ec6d837d526d49a7a8e8d1ae5387294901dadf77e1,bash/set-rankmixer-mature-v4-args.txt,f8e936b24105d1c16dfd69beeb235065e7ee85d426956cb47f12c32d3f811857,32,384,3,1344,pSiLU per-token x1,mean+creative+compact head,164968095,99263808,,not_audited,unverified,541,result_present,2026-07-01:2026-07-01,2026-07-02:2026-07-02
mature_v5,src/models/rankmixer/cvr_senet_mature_rankmixer_v5.py,4957ff65012ade121914863644571d39e572fa2d14939f9b76ca72cfaf0aff63,bash/set-rankmixer-mature-v5-args.txt,ccb3ece3af63b34e0571845ff831ab123d47a024fe324bf40c22a800a39b3d12,32,384,3,1344,pSiLU per-token x1,mean+creative+compact head,135774879,99263808,,not_audited,unverified,867,result_present,2026-07-01:2026-07-01,2026-07-02:2026-07-02
base,src/models/seq_model/cvr_bn_senet_dcnm_fst.py,79a83f72656518f7dc2a8c67386d4151f4dec740d738460ab85441c343fc69e8,bash/rankmixer_first_batch_20260814/00-e0-base-args.txt,58a4e688f138994e5d226ca83c08e409571d95507c30e907b073ba96a30c09a3,,,2,,DCNM rank500 x2,flat+deep head,90341785,,180923051,prior_document_static_estimate,unverified,,result_present,2026-08-14:2026-08-14,2026-08-15:2026-08-15
unimixer_v1,src/models/rankmixer/cvr_bn_unimixer_v1.py,a02e5ba1dd1e8f67fdf6e135da4e9de9d2c6da009b2d5fa375fc04793f0e3d2d,bash/set-unimixer-v1-args.txt,01f13c5ce89c806966e502c10ee9f82451a00841e5f7ad90c55dbc80040ab61b,32,512,2,1024,SwiGLU per-token x1,pure flat+deep head,150757733,,,not_audited,unverified,,result_present,2026-07-01:2026-07-01,2026-07-02:2026-07-02
